Cycle Nr.,Time (h),Time [s],Temp. [°C],C3,C4,C5,C6,C7,C8,C9,D3,D4,D5,D6,D7,D8,D9
1,0,0,30.2,149,146,141,143,144,143,Blank,146,147,144,145,144,144,Blank
2,0.250055556,900.2,30.2,146,144,138,139,141,140,Blank,145,144,143,143,144,142,Blank
3,0.500055556,1800.2,30.2,147,145,139,143,142,140,Blank,145,143,142,145,141,142,Blank
4,0.750055556,2700.2,30,145,145,138,143,142,138,Blank,147,144,140,145,144,142,Blank
5,1.000055556,3600.2,30,147,143,140,145,142,137,Blank,143,144,143,149,143,141,Blank
6,1.250055556,4500.2,30.3,145,145,140,147,143,141,Blank,146,144,144,149,146,141,Blank
7,1.500083333,5400.3,30.2,147,144,140,148,144,141,Blank,146,146,142,150,145,142,Blank
8,1.750083333,6300.3,30.2,146,145,139,149,144,142,Blank,144,145,143,152,146,143,Blank
9,2.000083333,7200.3,30,145,145,140,149,145,142,Blank,145,145,142,151,146,143,Blank
10,2.250083333,8100.3,30.4,148,146,141,150,147,141,Blank,148,145,142,152,149,141,Blank
11,2.500083333,9000.3,30.2,148,144,139,151,147,141,Blank,148,145,145,153,149,144,Blank
12,2.750083333,9900.3,30,147,143,140,153,151,140,Blank,148,145,143,154,151,142,Blank
13,3.000111111,10800.4,30,149,146,140,153,149,142,Blank,147,145,143,154,150,143,Blank
14,3.250111111,11700.4,30,150,149,140,154,152,143,Blank,146,145,143,154,151,144,Blank
15,3.500111111,12600.4,30.2,149,144,140,153,152,143,Blank,147,146,142,155,152,143,Blank
16,3.750111111,13500.4,29.9,148,147,141,153,152,143,Blank,148,142,144,153,153,144,Blank
17,4.000111111,14400.4,30.2,151,145,140,152,154,144,Blank,148,144,144,155,154,143,Blank
18,4.250111111,15300.4,30.2,150,146,139,154,155,142,Blank,149,146,141,154,154,145,Blank
19,4.500138889,16200.5,30.3,152,146,142,154,156,144,Blank,150,146,143,155,157,145,Blank
20,4.750138889,17100.5,30.1,152,143,140,152,157,144,Blank,152,145,143,155,156,144,Blank
21,5.000138889,18000.5,29.9,153,145,140,154,158,143,Blank,151,145,143,157,158,145,Blank
22,5.250138889,18900.5,30,152,146,140,152,157,145,Blank,151,146,143,155,160,145,Blank
23,5.500138889,19800.5,30,153,146,139,155,158,144,Blank,152,146,142,155,160,147,Blank
24,5.750138889,20700.5,30.1,155,148,140,154,161,146,Blank,155,147,142,156,160,146,Blank
25,6.000166667,21600.6,30,155,146,139,154,161,147,Blank,150,148,144,154,162,149,Blank
26,6.250166667,22500.6,30.3,154,147,142,152,160,144,Blank,152,146,143,155,161,147,Blank
27,6.500166667,23400.6,30.1,156,146,140,153,161,146,Blank,157,146,140,154,162,146,Blank
28,6.750166667,24300.6,30.1,155,147,140,153,160,147,Blank,156,147,143,155,162,148,Blank
29,7.000166667,25200.6,30.2,158,147,137,152,162,147,Blank,156,147,142,155,162,149,Blank
30,7.250166667,26100.6,30,157,148,140,152,162,148,Blank,157,150,142,154,164,150,Blank
31,7.500194444,27000.7,29.9,156,148,138,150,163,147,Blank,156,148,140,152,163,149,Blank
32,7.750194444,27900.7,30,159,151,140,151,163,152,Blank,157,148,142,152,163,153,Blank
33,8.000194444,28800.7,30.1,158,149,142,152,162,150,Blank,159,149,142,151,165,154,Blank
34,8.250194444,29700.7,30,160,150,140,150,164,150,Blank,160,152,142,152,164,152,Blank
35,8.500194444,30600.7,30,159,150,139,149,163,150,Blank,162,153,144,151,165,153,Blank
36,8.750194444,31500.7,30.2,160,149,140,149,163,152,Blank,160,152,142,151,165,154,Blank
37,9.000222222,32400.8,29.9,161,150,140,149,164,153,Blank,161,153,145,151,162,155,Blank
38,9.250194444,33300.7,30.2,161,153,141,147,162,153,Blank,160,153,144,150,165,157,Blank
39,9.500222222,34200.8,30.1,160,151,140,146,164,153,Blank,160,154,143,149,162,158,Blank
40,9.750222222,35100.8,30.3,161,152,142,148,164,155,Blank,162,157,145,149,164,160,Blank
41,10.00022222,36000.8,30.2,159,155,143,145,161,153,Blank,162,155,144,148,164,157,Blank
42,10.25022222,36900.8,30.2,163,152,141,145,162,154,Blank,164,158,146,149,166,159,Blank
43,10.50025,37800.9,30,162,155,144,144,164,156,Blank,166,157,146,149,166,162,Blank
44,10.75022222,38700.8,30.1,163,156,145,145,163,157,Blank,164,158,149,148,166,159,Blank
45,11.00025,39600.9,30,165,157,145,146,164,159,Blank,164,160,148,150,167,162,Blank
46,11.25025,40500.9,30,165,158,146,149,165,161,Blank,168,163,150,150,166,164,Blank
47,11.50025,41400.9,30,165,159,147,147,163,160,Blank,169,164,150,150,166,164,Blank
48,11.75025,42300.9,30,163,161,149,147,163,162,Blank,169,163,151,148,166,165,Blank
49,12.00025,43200.9,30.2,165,162,150,144,162,162,Blank,170,164,154,150,165,164,Blank
50,12.25025,44100.9,30,165,160,150,145,162,162,Blank,167,164,154,149,165,167,Blank
51,12.50027778,45001,30.1,165,160,149,144,163,161,Blank,166,164,154,147,164,166,Blank
52,12.75027778,45901,30.1,164,161,151,143,163,163,Blank,169,165,155,148,163,166,Blank
53,13.00027778,46801,29.9,165,163,152,146,163,163,Blank,168,166,158,148,165,166,Blank
54,13.25027778,47701,30.1,165,160,151,144,161,161,Blank,168,165,158,147,162,166,Blank
55,13.50030556,48601.1,30,166,163,153,144,161,164,Blank,168,167,157,147,163,166,Blank
56,13.75027778,49501,30.1,166,161,153,143,160,161,Blank,166,168,157,147,162,166,Blank
57,14.00030556,50401.1,30.1,165,163,157,145,160,165,Blank,169,165,161,147,162,168,Blank
58,14.25030556,51301.1,29.9,164,161,157,146,160,164,Blank,169,167,161,146,161,166,Blank
59,14.50030556,52201.1,30,165,164,155,145,159,162,Blank,168,168,160,146,161,167,Blank
60,14.75030556,53101.1,29.9,165,165,157,145,159,164,Blank,165,169,160,147,161,168,Blank
61,15.00030556,54001.1,30.2,165,165,158,143,157,163,Blank,167,169,162,148,160,169,Blank
62,15.25030556,54901.1,30.2,163,165,158,143,159,162,Blank,170,168,163,148,160,168,Blank
63,15.50033333,55801.2,30.1,164,164,157,143,156,165,Blank,166,167,162,147,158,166,Blank
64,15.75033333,56701.2,30.2,161,164,157,143,152,159,Blank,167,165,161,146,156,165,Blank
65,16.00033333,57601.2,30.2,161,165,157,141,155,161,Blank,164,167,160,146,156,164,Blank
66,16.25033333,58501.2,30.1,161,164,159,141,153,162,Blank,164,165,162,145,156,163,Blank
67,16.50033333,59401.2,30.1,160,162,158,143,152,160,Blank,163,164,162,144,153,166,Blank
68,16.75033333,60301.2,30.1,159,161,159,140,151,159,Blank,163,166,163,145,154,162,Blank
69,17.00036111,61201.3,30.2,160,162,159,141,150,160,Blank,164,163,164,144,155,164,Blank
70,17.25036111,62101.3,30.3,160,162,159,142,150,158,Blank,161,164,162,143,152,162,Blank
71,17.50036111,63001.3,30.1,158,161,159,142,149,158,Blank,161,165,162,144,151,161,Blank
72,17.75036111,63901.3,30.3,156,160,159,142,148,157,Blank,161,163,163,144,152,163,Blank
73,18.00036111,64801.3,30.3,158,163,161,142,148,158,Blank,160,161,165,145,153,163,Blank
74,18.25036111,65701.3,30.1,157,159,161,143,148,156,Blank,161,163,163,146,151,161,Blank
75,18.50036111,66601.3,30.1,157,160,159,143,148,155,Blank,159,163,163,146,149,160,Blank
76,18.75038889,67501.4,30,158,160,161,145,149,159,Blank,161,164,163,147,150,159,Blank
77,19.00038889,68401.4,30.2,159,163,161,145,150,156,Blank,159,163,163,148,149,159,Blank
78,19.25038889,69301.4,30.2,159,159,161,145,148,154,Blank,161,164,165,149,151,162,Blank
79,19.50038889,70201.4,30.2,157,162,162,146,149,157,Blank,160,164,165,148,149,158,Blank
80,19.75038889,71101.4,30,155,160,161,146,149,154,Blank,158,162,165,150,151,158,Blank
81,20.00038889,72001.4,30.2,156,161,161,147,147,156,Blank,160,161,163,152,149,157,Blank
82,20.25041667,72901.5,29.9,157,161,161,148,149,156,Blank,157,162,164,151,151,159,Blank
83,20.50041667,73801.5,30.3,157,160,161,150,148,156,Blank,157,163,164,152,151,159,Blank
84,20.75041667,74701.5,30.3,157,163,161,149,149,155,Blank,160,161,164,153,151,158,Blank
85,21.00041667,75601.5,30,158,159,161,152,149,154,Blank,158,163,164,153,150,158,Blank
86,21.25041667,76501.5,30,156,160,162,151,149,154,Blank,158,160,163,155,151,158,Blank
87,21.50041667,77401.5,30.2,156,160,161,153,148,154,Blank,158,160,163,154,150,157,Blank
88,21.75044444,78301.6,30.3,154,158,160,153,146,153,Blank,155,159,163,154,152,155,Blank
89,22.00044444,79201.6,30.2,155,157,160,150,149,151,Blank,157,159,163,156,150,155,Blank
90,22.25044444,80101.6,30,155,155,159,153,146,150,Blank,154,158,160,155,151,154,Blank
91,22.50044444,81001.6,30.1,155,155,157,152,147,149,Blank,155,156,161,154,149,153,Blank
92,22.75044444,81901.6,30.1,154,155,158,154,147,150,Blank,153,156,160,155,149,152,Blank
93,23.00044444,82801.6,29.9,153,156,157,153,148,149,Blank,153,155,158,155,149,153,Blank
94,23.25047222,83701.7,30.4,153,152,155,153,148,147,Blank,151,154,155,155,148,149,Blank
95,23.50047222,84601.7,30.1,154,152,154,156,148,147,Blank,153,153,157,157,149,150,Blank
96,23.75047222,85501.7,30,153,153,156,154,148,151,Blank,153,154,156,158,148,150,Blank
97,24.00047222,86401.7,30,153,153,156,155,148,149,Blank,153,156,157,159,150,152,Blank
98,24.25047222,87301.7,30,154,153,155,158,149,148,Blank,154,154,158,160,151,151,Blank
99,24.50047222,88201.7,30.2,152,153,154,159,149,147,Blank,153,154,155,159,152,149,Blank
100,24.7505,89101.8,30.1,152,152,153,156,146,145,Blank,150,150,154,161,150,150,Blank
101,25.0005,90001.8,30.1,152,150,152,157,151,144,Blank,152,152,155,160,148,150,Blank
102,25.2505,90901.8,30,153,151,153,159,151,149,Blank,152,153,156,161,152,151,Blank
103,25.5005,91801.8,30,152,150,153,160,151,148,Blank,152,151,153,161,152,152,Blank
104,25.7505,92701.8,30.1,153,151,154,159,149,147,Blank,152,153,153,162,150,151,Blank
105,26.0005,93601.8,30,154,151,153,161,150,149,Blank,153,153,154,161,152,150,Blank
106,26.25052778,94501.9,30.2,151,152,152,160,153,147,Blank,150,152,153,163,154,149,Blank
107,26.50052778,95401.9,30,155,153,152,161,152,150,Blank,154,152,153,163,155,152,Blank
108,26.75052778,96301.9,30,155,153,151,161,152,150,Blank,155,154,155,164,155,152,Blank
109,27.00052778,97201.9,30.3,155,152,151,162,154,149,Blank,154,153,153,164,156,151,Blank
110,27.25052778,98101.9,30,158,152,150,162,157,149,Blank,154,155,152,166,158,153,Blank
111,27.50052778,99001.9,30,157,153,151,161,159,149,Blank,156,154,153,164,155,153,Blank
112,27.75055556,99902,30.2,156,151,152,161,156,150,Blank,156,152,153,166,159,152,Blank
113,28.00055556,100802,30.2,155,152,150,162,158,150,Blank,155,154,152,165,160,153,Blank
114,28.25055556,101702,30,156,152,148,163,157,150,Blank,156,154,152,165,158,150,Blank
115,28.50055556,102602,30.2,156,149,147,160,156,149,Blank,155,152,152,164,160,152,Blank
116,28.75055556,103502,30.1,157,152,147,159,156,149,Blank,153,150,150,164,160,150,Blank
117,29.00055556,104402,30.3,153,151,146,159,156,150,Blank,154,151,148,163,158,151,Blank
118,29.25058333,105302.1,30,156,152,147,159,158,150,Blank,154,151,148,161,158,151,Blank
119,29.50055556,106202,30.1,155,150,147,159,158,148,Blank,154,150,149,161,159,150,Blank
120,29.75058333,107102.1,30.3,157,150,147,159,158,151,Blank,157,152,150,160,159,150,Blank
121,30.00058333,108002.1,30,157,149,145,157,158,148,Blank,155,151,146,161,160,151,Blank
122,30.25058333,108902.1,30.2,160,150,145,158,159,147,Blank,155,152,149,159,160,152,Blank
123,30.50058333,109802.1,30.2,157,151,145,158,160,149,Blank,154,152,149,159,159,154,Blank
124,30.75061111,110702.2,30,157,151,146,156,161,152,Blank,156,152,148,160,161,154,Blank
125,31.00058333,111602.1,30,159,151,146,155,161,152,Blank,156,153,149,161,165,154,Blank
126,31.25061111,112502.2,30,160,153,146,157,162,153,Blank,158,154,149,161,164,154,Blank
127,31.50061111,113402.2,30.2,158,152,148,156,162,152,Blank,158,155,148,160,162,157,Blank
128,31.75061111,114302.2,30,160,154,148,158,162,156,Blank,160,157,150,159,166,159,Blank
129,32.00061111,115202.2,29.9,161,152,147,156,164,156,Blank,160,155,150,160,164,158,Blank
130,32.25061111,116102.2,30.2,161,155,146,156,164,156,Blank,161,159,150,160,167,157,Blank
131,32.50063889,117002.3,30.2,162,155,146,157,164,158,Blank,162,157,151,159,165,159,Blank
132,32.75063889,117902.3,30.2,161,155,149,155,164,157,Blank,161,158,150,159,165,161,Blank
133,33.00063889,118802.3,30,163,156,148,155,165,157,Blank,161,158,152,158,168,162,Blank
134,33.25063889,119702.3,30.2,162,157,150,155,164,160,Blank,164,159,152,158,166,161,Blank
135,33.50063889,120602.3,30.2,163,158,152,155,165,161,Blank,167,162,154,158,169,162,Blank
136,33.75063889,121502.3,29.9,164,157,150,154,165,159,Blank,166,161,153,159,167,162,Blank
137,34.00063889,122402.3,30.2,163,157,149,151,164,160,Blank,165,159,151,156,167,163,Blank
138,34.25066667,123302.4,30.3,164,157,146,151,162,159,Blank,164,159,153,155,165,162,Blank
139,34.50066667,124202.4,30.1,164,159,150,152,162,161,Blank,163,161,153,154,164,161,Blank
140,34.75066667,125102.4,30,165,158,149,152,163,160,Blank,163,161,156,154,167,164,Blank
141,35.00066667,126002.4,30.1,164,158,151,147,164,160,Blank,166,160,152,154,163,163,Blank
142,35.25066667,126902.4,30,163,158,150,149,161,159,Blank,165,161,155,155,164,163,Blank
143,35.50066667,127802.4,30,165,159,151,148,162,160,Blank,166,161,154,154,163,165,Blank
144,35.75069444,128702.5,30,164,160,150,148,161,162,Blank,164,161,154,153,162,164,Blank
145,36.00069444,129602.5,30.3,164,159,150,147,161,162,Blank,167,162,155,152,164,163,Blank
146,36.25069444,130502.5,30.3,163,159,151,145,160,161,Blank,166,165,154,150,163,163,Blank
147,36.50069444,131402.5,30.1,162,159,150,144,158,160,Blank,163,161,154,149,161,164,Blank
148,36.75069444,132302.5,30.2,163,159,151,145,160,161,Blank,166,163,154,148,162,164,Blank
149,37.00069444,133202.5,30.3,162,159,153,145,158,163,Blank,165,163,156,148,161,165,Blank
150,37.25069444,134102.5,30,163,162,153,144,158,161,Blank,164,163,158,148,159,163,Blank
151,37.50072222,135002.6,30,161,160,152,144,157,160,Blank,163,162,155,148,158,164,Blank
152,37.75072222,135902.6,29.9,163,160,154,145,157,161,Blank,166,163,157,146,159,164,Blank
153,38.00072222,136802.6,29.9,163,160,151,142,156,162,Blank,165,163,157,147,158,163,Blank
154,38.25072222,137702.6,30.1,164,162,152,144,155,161,Blank,165,163,159,147,157,165,Blank
155,38.50075,138602.7,30.1,162,163,156,142,155,161,Blank,163,163,159,147,157,163,Blank
156,38.75075,139502.7,30,163,163,156,143,154,163,Blank,165,164,160,148,158,166,Blank
157,39.00075,140402.7,30,165,164,156,145,157,162,Blank,167,167,161,148,160,164,Blank
158,39.25075,141302.7,30,163,162,156,144,156,163,Blank,167,167,162,147,158,165,Blank
159,39.50075,142202.7,30.2,164,163,158,142,155,162,Blank,166,166,163,148,158,166,Blank
160,39.75075,143102.7,30,162,163,159,144,154,162,Blank,167,167,163,148,157,166,Blank
161,40.00075,144002.7,30.2,163,164,158,145,157,164,Blank,165,168,163,148,156,166,Blank
162,40.25077778,144902.8,30.1,164,164,160,144,154,162,Blank,164,166,163,150,156,167,Blank
163,40.50077778,145802.8,30.1,165,165,161,145,154,161,Blank,167,166,165,149,156,167,Blank
164,40.75077778,146702.8,29.9,163,163,160,144,153,161,Blank,166,168,164,151,154,164,Blank
165,41.00077778,147602.8,30.2,163,168,160,146,153,162,Blank,166,166,166,150,156,166,Blank
166,41.25077778,148502.8,30.2,161,162,160,145,153,160,Blank,165,168,167,149,156,166,Blank
167,41.50077778,149402.8,30.1,163,163,160,146,152,160,Blank,164,169,167,148,153,165,Blank
168,41.75077778,150302.8,30.3,160,164,162,146,151,160,Blank,165,166,164,149,153,163,Blank
169,42.00080556,151202.9,30,160,164,161,145,150,157,Blank,163,166,164,147,152,163,Blank
170,42.25080556,152102.9,29.9,159,161,160,142,149,156,Blank,161,164,164,147,151,161,Blank
171,42.50080556,153002.9,30.2,159,161,160,144,147,156,Blank,162,162,164,148,150,159,Blank
172,42.75080556,153902.9,30.2,158,160,159,142,146,155,Blank,160,164,162,148,148,157,Blank
173,43.00080556,154802.9,30,157,161,160,143,146,157,Blank,161,161,161,149,150,159,Blank
174,43.25080556,155702.9,30,158,159,159,144,147,154,Blank,159,163,163,149,149,156,Blank
175,43.50083333,156603,30.2,158,159,160,144,146,154,Blank,159,161,161,147,147,160,Blank
176,43.75083333,157503,30.1,157,159,159,145,147,151,Blank,157,160,162,149,148,158,Blank
177,44.00083333,158403,30.3,156,158,158,146,146,153,Blank,157,162,163,150,146,157,Blank
178,44.25083333,159303,30.1,156,158,159,146,146,152,Blank,155,159,161,149,147,156,Blank
179,44.50083333,160203,30.2,154,156,159,146,145,151,Blank,155,159,161,150,147,153,Blank
180,44.75083333,161103,30.1,154,159,160,147,146,152,Blank,157,160,160,150,147,155,Blank
181,45.00086111,162003.1,30,155,156,159,147,146,151,Blank,155,159,160,153,147,155,Blank
182,45.25086111,162903.1,30.2,154,158,159,147,146,150,Blank,155,159,161,151,148,154,Blank
183,45.50086111,163803.1,30.2,154,159,158,150,145,151,Blank,157,159,161,153,147,155,Blank
184,45.75086111,164703.1,30,155,157,160,150,146,150,Blank,157,160,161,153,148,152,Blank
185,46.00086111,165603.1,30.1,154,157,159,150,146,152,Blank,157,158,161,156,149,154,Blank
186,46.25086111,166503.1,30.1,156,158,159,152,149,150,Blank,157,160,162,157,150,154,Blank
187,46.50088889,167403.2,30.1,157,157,161,151,150,151,Blank,158,160,161,157,149,155,Blank
188,46.75088889,168303.2,29.9,155,155,160,153,147,151,Blank,155,159,162,157,147,154,Blank
189,47.00088889,169203.2,30,157,156,159,152,147,148,Blank,155,157,160,158,149,154,Blank
190,47.25088889,170103.2,30,156,157,158,155,148,149,Blank,156,157,161,158,150,152,Blank
191,47.50088889,171003.2,30.2,154,157,158,154,148,148,Blank,155,156,160,158,149,154,Blank
192,47.75088889,171903.2,29.9,154,155,158,154,148,151,Blank,155,156,160,158,150,153,Blank
193,48.00091667,172803.3,30.1,154,155,157,156,147,149,Blank,156,156,158,160,149,150,Blank
194,48.25091667,173703.3,30.3,152,154,155,154,147,149,Blank,156,155,158,159,151,152,Blank
195,48.50091667,174603.3,29.9,151,152,154,155,147,145,Blank,151,153,156,158,147,150,Blank
196,48.75091667,175503.3,30,152,150,152,157,147,147,Blank,153,153,155,159,148,150,Blank
197,49.00091667,176403.3,30.2,150,151,152,154,148,145,Blank,150,151,156,156,148,149,Blank
198,49.25091667,177303.3,30,150,151,152,155,147,145,Blank,150,152,152,158,149,148,Blank
199,49.50094444,178203.4,30.3,152,151,152,154,148,145,Blank,153,153,152,160,149,148,Blank
200,49.75094444,179103.4,29.9,151,150,151,155,149,144,Blank,152,152,155,159,148,148,Blank
201,50.00094444,180003.4,30.2,151,150,151,155,149,147,Blank,150,152,153,159,151,148,Blank
202,50.25094444,180903.4,30,151,152,150,155,150,146,Blank,151,152,151,161,151,150,Blank
203,50.50094444,181803.4,30.1,151,151,149,157,150,144,Blank,152,150,152,159,150,148,Blank
204,50.75094444,182703.4,30.2,150,150,149,156,148,143,Blank,151,150,149,159,150,148,Blank
205,51.00097222,183603.5,30.2,150,149,149,155,151,146,Blank,151,150,150,159,151,148,Blank
206,51.25097222,184503.5,30,152,149,150,156,151,146,Blank,152,147,150,160,152,148,Blank
207,51.50097222,185403.5,30.2,152,149,149,158,152,147,Blank,152,150,152,162,154,149,Blank
208,51.75097222,186303.5,30.2,151,151,149,157,150,144,Blank,152,151,151,161,154,149,Blank
209,52.00097222,187203.5,30.1,152,151,149,157,153,147,Blank,154,151,150,163,157,150,Blank
210,52.25097222,188103.5,30.2,153,150,149,160,155,145,Blank,154,150,151,160,155,148,Blank
211,52.50097222,189003.5,30.2,154,151,150,158,154,148,Blank,153,153,150,162,157,150,Blank
212,52.75097222,189903.5,29.9,154,152,149,158,154,146,Blank,155,152,152,163,158,151,Blank
213,53.001,190803.6,30.2,155,152,148,157,157,150,Blank,155,151,152,164,158,152,Blank
214,53.251,191703.6,30.2,154,151,148,157,158,150,Blank,156,151,150,163,159,152,Blank
215,53.501,192603.6,30.2,154,150,147,159,158,150,Blank,156,152,151,164,160,152,Blank
216,53.751,193503.6,30,156,150,146,157,157,148,Blank,156,152,151,162,160,154,Blank
217,54.00102778,194403.7,30.1,153,154,148,157,160,151,Blank,155,153,152,163,160,152,Blank
218,54.25102778,195303.7,30.2,156,152,149,159,159,150,Blank,157,154,151,163,161,153,Blank
219,54.50102778,196203.7,29.9,156,152,147,157,160,152,Blank,157,154,150,162,161,152,Blank
220,54.75102778,197103.7,30.3,154,151,145,154,159,149,Blank,156,153,149,161,162,154,Blank
221,55.00102778,198003.7,30.3,154,151,144,153,158,150,Blank,154,151,148,160,161,153,Blank
222,55.25102778,198903.7,29.9,155,152,146,155,158,150,Blank,156,152,148,160,160,153,Blank
223,55.50105556,199803.8,30.1,156,149,144,152,159,150,Blank,156,150,149,159,161,155,Blank
224,55.75105556,200703.8,30.2,156,149,144,152,159,150,Blank,157,152,147,158,161,154,Blank
225,56.00105556,201603.8,30.1,155,152,145,152,160,152,Blank,157,152,147,160,163,153,Blank
226,56.25105556,202503.8,30.3,154,151,146,153,159,153,Blank,159,154,148,157,163,155,Blank
227,56.50105556,203403.8,29.9,156,152,145,150,160,152,Blank,158,154,149,159,161,157,Blank
228,56.75105556,204303.8,30,156,151,144,152,158,151,Blank,160,152,151,156,162,157,Blank
229,57.00108333,205203.9,30.1,156,153,146,151,161,152,Blank,160,155,149,155,160,156,Blank
230,57.25105556,206103.8,30,159,153,146,152,160,154,Blank,160,155,151,157,163,159,Blank
231,57.50108333,207003.9,30.1,158,155,146,149,161,155,Blank,161,155,150,156,163,159,Blank
232,57.75108333,207903.9,30.2,158,155,146,151,160,155,Blank,161,155,152,157,164,160,Blank
233,58.00108333,208803.9,30,158,155,148,149,162,154,Blank,162,156,152,156,162,159,Blank
234,58.25108333,209703.9,30.2,159,155,149,147,162,155,Blank,160,158,153,156,163,159,Blank
235,58.50108333,210603.9,30.2,161,157,148,149,162,157,Blank,163,158,153,158,164,161,Blank
236,58.75108333,211503.9,30.3,163,158,148,149,163,157,Blank,164,160,156,156,165,162,Blank
237,59.00111111,212404,30.1,163,158,149,147,162,160,Blank,163,161,156,156,162,161,Blank
238,59.25111111,213304,30,164,161,150,149,162,160,Blank,166,162,158,156,164,164,Blank
239,59.50111111,214204,30.1,162,160,151,150,162,160,Blank,168,161,157,156,165,165,Blank
240,59.75111111,215104,30,163,159,151,149,163,160,Blank,168,163,158,155,163,166,Blank
241,60.00111111,216004,29.9,164,161,152,150,162,160,Blank,165,161,158,153,164,164,Blank
242,60.25111111,216904,30,164,160,154,148,163,160,Blank,167,163,157,154,163,167,Blank
243,60.50113889,217804.1,30.1,161,159,152,145,161,160,Blank,167,164,157,153,162,165,Blank
244,60.75113889,218704.1,30,163,159,151,146,159,161,Blank,167,162,157,151,162,164,Blank
245,61.00113889,219604.1,30.2,162,158,151,144,159,158,Blank,167,162,157,150,162,164,Blank
246,61.25113889,220504.1,30.1,163,161,152,144,159,159,Blank,165,163,158,151,160,164,Blank
247,61.50113889,221404.1,30.2,162,159,150,143,157,160,Blank,167,162,157,151,159,164,Blank
248,61.75113889,222304.1,30.2,162,159,152,143,159,158,Blank,164,161,158,149,159,164,Blank
249,62.00116667,223204.2,30,160,160,151,143,157,160,Blank,166,163,157,148,160,165,Blank
250,62.25116667,224104.2,30.1,162,162,154,143,155,160,Blank,164,163,157,148,159,165,Blank
251,62.50116667,225004.2,29.9,162,162,153,143,156,160,Blank,166,164,161,147,160,164,Blank
252,62.75116667,225904.2,30.1,161,162,154,141,155,159,Blank,165,162,158,148,154,164,Blank
253,63.00116667,226804.2,30.1,160,161,153,142,156,158,Blank,166,164,159,148,156,162,Blank
254,63.25116667,227704.2,30,161,162,153,141,155,158,Blank,167,162,159,148,155,163,Blank
255,63.50116667,228604.2,30,161,162,154,142,152,159,Blank,165,162,159,147,155,162,Blank
256,63.75119444,229504.3,30.1,160,162,155,142,152,157,Blank,163,163,158,148,156,162,Blank
257,64.00119444,230404.3,30,161,163,155,140,150,159,Blank,165,164,161,149,154,164,Blank
258,64.25119444,231304.3,30.1,161,162,156,142,153,159,Blank,165,164,162,148,153,165,Blank
259,64.50119444,232204.3,30.1,161,162,156,142,152,157,Blank,164,162,161,148,153,162,Blank
260,64.75119444,233104.3,30,162,162,159,141,153,160,Blank,165,164,163,151,154,163,Blank
261,65.00122222,234004.4,30,162,163,158,145,152,160,Blank,166,164,163,150,153,164,Blank
262,65.25122222,234904.4,29.9,163,164,159,145,151,158,Blank,167,164,165,149,152,163,Blank
263,65.50122222,235804.4,30.1,163,163,158,143,151,159,Blank,166,166,164,149,153,165,Blank
264,65.75122222,236704.4,30.2,164,161,160,144,151,160,Blank,163,163,166,149,153,163,Blank
265,66.00122222,237604.4,30.2,165,166,160,144,150,159,Blank,165,166,165,148,152,163,Blank
266,66.25122222,238504.4,30.2,165,164,160,146,150,157,Blank,165,165,167,149,151,164,Blank
267,66.50125,239404.5,30.2,163,163,161,145,150,157,Blank,164,165,165,151,152,163,Blank
268,66.75125,240304.5,30.3,161,163,162,146,150,156,Blank,165,165,165,151,149,161,Blank
269,67.00125,241204.5,30.2,161,164,162,146,149,156,Blank,165,164,164,151,152,162,Blank
270,67.25125,242104.5,30.2,160,161,161,145,149,156,Blank,164,162,165,150,150,159,Blank
271,67.50125,243004.5,30.2,159,162,160,145,147,153,Blank,160,162,163,150,146,159,Blank
272,67.75125,243904.5,30.2,160,161,160,145,147,155,Blank,161,162,163,150,149,158,Blank
273,68.00125,244804.5,30.2,160,161,160,147,147,154,Blank,161,161,164,150,150,157,Blank
274,68.25127778,245704.6,30,158,161,159,146,147,153,Blank,160,161,163,152,148,157,Blank
275,68.50127778,246604.6,30,158,161,158,146,147,153,Blank,160,159,162,151,146,157,Blank
276,68.75127778,247504.6,30.2,156,160,159,147,145,152,Blank,158,159,162,152,147,155,Blank
277,69.00127778,248404.6,30.2,158,161,159,146,145,153,Blank,159,160,162,152,147,157,Blank
278,69.25127778,249304.6,30.2,156,158,159,146,146,151,Blank,159,157,162,152,145,154,Blank
279,69.50127778,250204.6,30,156,157,158,148,144,150,Blank,157,159,160,152,146,155,Blank
280,69.75130556,251104.7,30,156,159,158,149,146,151,Blank,158,159,159,153,147,154,Blank
281,70.00130556,252004.7,30.2,156,157,158,148,143,148,Blank,156,156,160,152,147,153,Blank
282,70.25130556,252904.7,30.2,153,156,160,149,145,149,Blank,156,157,161,153,146,154,Blank
283,70.50130556,253804.7,30,154,156,157,147,144,147,Blank,155,156,158,154,146,150,Blank
284,70.75130556,254704.7,30.2,154,155,156,149,143,146,Blank,154,155,159,153,144,150,Blank
285,71.00130556,255604.7,30,154,156,156,150,145,145,Blank,153,154,157,152,144,149,Blank
286,71.25133333,256504.8,30.3,154,154,155,150,144,144,Blank,153,155,159,154,146,151,Blank
287,71.50133333,257404.8,30.2,153,155,155,152,145,146,Blank,156,154,157,156,145,150,Blank
288,71.75133333,258304.8,30.2,155,155,157,150,146,148,Blank,154,155,157,155,147,148,Blank
289,72.00133333,259204.8,30,154,157,156,152,146,146,Blank,154,153,156,156,146,151,Blank
290,72.25133333,260104.8,30.1,154,156,156,153,145,145,Blank,155,154,157,158,149,148,Blank
291,72.50133333,261004.8,30,153,155,156,155,146,146,Blank,154,153,158,156,147,151,Blank
292,72.75136111,261904.9,30.3,156,155,155,155,148,147,Blank,156,153,157,160,148,151,Blank
293,73.00136111,262804.9,30.3,153,156,156,155,148,147,Blank,153,154,157,159,149,149,Blank
294,73.25136111,263704.9,30.2,155,154,156,156,151,149,Blank,155,155,157,161,149,154,Blank
295,73.50136111,264604.9,30.1,154,154,155,155,148,147,Blank,157,155,157,161,150,149,Blank
296,73.75136111,265504.9,29.9,155,154,156,157,148,145,Blank,157,154,157,160,151,150,Blank
297,74.00136111,266404.9,30.3,155,153,155,156,150,147,Blank,155,152,158,162,152,153,Blank
298,74.25138889,267305,30,154,154,154,157,149,145,Blank,156,152,155,164,152,151,Blank
299,74.50138889,268205,30.3,153,155,153,158,150,146,Blank,154,152,156,162,153,151,Blank
300,74.75138889,269105,30,151,151,151,156,150,146,Blank,154,151,154,161,151,151,Blank
301,75.00138889,270005,30.1,152,150,151,154,149,144,Blank,155,150,151,162,152,148,Blank
302,75.25138889,270905,30.3,152,151,151,157,150,143,Blank,155,151,153,162,153,148,Blank
303,75.50138889,271805,29.9,152,150,151,155,149,144,Blank,154,148,151,161,151,148,Blank
304,75.75141667,272705.1,30.2,151,148,150,156,153,144,Blank,153,150,150,161,153,149,Blank
305,76.00141667,273605.1,30.1,151,150,149,155,150,145,Blank,154,150,150,161,152,149,Blank
306,76.25141667,274505.1,30,151,152,147,155,153,147,Blank,153,149,150,162,151,148,Blank
307,76.50141667,275405.1,30.2,151,149,148,155,152,145,Blank,155,149,150,162,152,150,Blank
308,76.75141667,276305.1,30,152,150,148,154,152,146,Blank,153,150,149,162,155,148,Blank
309,77.00141667,277205.1,30.2,151,149,146,155,153,144,Blank,154,150,151,161,156,148,Blank
310,77.25144444,278105.2,30.2,150,150,148,152,154,145,Blank,152,150,149,160,153,145,Blank
311,77.50144444,279005.2,30,152,150,149,155,152,146,Blank,154,150,150,161,156,150,Blank
312,77.75144444,279905.2,30.2,153,150,146,156,155,145,Blank,155,151,150,158,157,149,Blank
313,78.00144444,280805.2,30.2,153,149,146,154,156,147,Blank,154,150,150,160,154,148,Blank
314,78.25144444,281705.2,30.1,152,149,146,154,156,148,Blank,154,150,150,160,158,153,Blank
315,78.50144444,282605.2,30,155,151,148,157,158,148,Blank,158,152,151,161,158,152,Blank
316,78.75147222,283505.3,30,154,151,148,154,158,147,Blank,156,152,151,160,158,151,Blank
317,79.00147222,284405.3,30,153,150,149,155,158,146,Blank,157,153,149,160,158,152,Blank
318,79.25147222,285305.3,30.2,157,151,147,155,158,150,Blank,157,152,153,160,160,152,Blank
319,79.50147222,286205.3,30.2,157,155,148,155,158,150,Blank,159,155,151,161,161,153,Blank
320,79.75147222,287105.3,30.2,155,153,147,156,160,153,Blank,159,155,153,161,161,153,Blank
321,80.00147222,288005.3,30,156,154,148,154,161,152,Blank,159,154,151,161,161,156,Blank
322,80.25147222,288905.3,30.1,158,151,146,155,161,153,Blank,160,155,152,161,162,155,Blank
323,80.50147222,289805.3,30.2,157,152,147,155,158,152,Blank,160,153,152,159,160,156,Blank
324,80.7515,290705.4,30.3,155,152,146,149,158,152,Blank,159,151,149,158,160,156,Blank
325,81.0015,291605.4,30.2,153,152,144,150,160,152,Blank,158,153,151,158,161,156,Blank
326,81.2515,292505.4,30.2,156,153,146,150,158,152,Blank,159,154,150,156,160,153,Blank
327,81.5015,293405.4,30.2,155,153,145,150,157,155,Blank,158,155,150,157,161,155,Blank
328,81.7515,294305.4,30.3,154,152,143,148,158,153,Blank,160,154,150,157,160,157,Blank
329,82.00152778,295205.5,29.9,157,151,146,146,159,152,Blank,160,155,151,156,161,157,Blank
330,82.25152778,296105.5,30.1,156,152,145,149,157,154,Blank,161,155,150,155,160,157,Blank
331,82.50152778,297005.5,30,156,153,146,148,159,154,Blank,161,157,151,154,160,156,Blank
332,82.75152778,297905.5,30.2,156,154,144,147,157,154,Blank,161,155,151,154,161,157,Blank
333,83.00152778,298805.5,30.1,157,155,147,146,157,155,Blank,161,157,152,155,159,158,Blank
334,83.25152778,299705.5,30.1,158,154,148,147,159,155,Blank,162,156,151,154,160,159,Blank
335,83.50152778,300605.5,30.2,157,154,147,147,157,155,Blank,163,157,153,154,160,160,Blank
336,83.75155556,301505.6,30.2,159,154,148,147,158,156,Blank,163,159,154,154,159,159,Blank
337,84.00155556,302405.6,30,158,157,150,145,160,157,Blank,166,159,155,153,159,163,Blank
338,84.25155556,303305.6,30.2,160,158,148,148,160,158,Blank,165,159,154,153,162,163,Blank
339,84.50155556,304205.6,30.2,162,157,151,144,157,159,Blank,166,161,157,155,160,163,Blank
340,84.75158333,305105.7,30.2,161,158,151,145,159,158,Blank,167,162,157,154,160,162,Blank
341,85.00155556,306005.6,30.2,161,161,150,146,160,159,Blank,166,161,156,153,159,163,Blank
342,85.25158333,306905.7,29.9,160,158,153,146,158,159,Blank,166,162,157,152,160,165,Blank
343,85.50158333,307805.7,29.9,163,160,151,146,158,158,Blank,166,163,160,153,161,164,Blank
344,85.75158333,308705.7,30.1,161,159,152,144,158,158,Blank,167,164,161,152,159,163,Blank
345,86.00158333,309605.7,30.1,162,160,152,144,157,159,Blank,165,163,159,150,158,163,Blank
346,86.25161111,310505.8,30.1,161,159,152,142,155,155,Blank,164,161,159,150,156,160,Blank
347,86.50161111,311405.8,30.2,161,159,152,143,156,159,Blank,165,162,156,150,157,161,Blank
348,86.75161111,312305.8,30.1,161,158,151,142,155,158,Blank,165,163,158,148,157,163,Blank
349,87.00161111,313205.8,30.3,160,157,152,139,152,159,Blank,164,163,159,148,156,162,Blank
350,87.25161111,314105.8,29.9,160,158,151,141,152,157,Blank,165,162,158,148,155,161,Blank
351,87.50161111,315005.8,30,161,158,154,141,153,157,Blank,166,162,159,151,156,161,Blank
352,87.75161111,315905.8,30.3,160,158,153,141,151,156,Blank,166,163,158,150,152,161,Blank
353,88.00161111,316805.8,30.2,161,159,153,141,152,156,Blank,164,162,158,148,154,160,Blank
354,88.25161111,317705.8,30.3,160,160,155,140,150,156,Blank,165,160,158,147,151,160,Blank
355,88.50163889,318605.9,29.9,160,160,155,144,150,156,Blank,163,163,160,147,152,159,Blank
356,88.75163889,319505.9,30.1,162,160,155,141,152,155,Blank,163,163,162,148,153,160,Blank
357,89.00163889,320405.9,30.2,159,160,155,140,149,157,Blank,163,162,161,148,149,160,Blank
358,89.25163889,321305.9,30.2,161,161,155,143,149,156,Blank,163,162,162,148,149,160,Blank
359,89.50163889,322205.9,30.1,162,161,157,142,148,157,Blank,164,162,163,151,150,160,Blank
360,89.75163889,323105.9,30,163,161,156,145,148,157,Blank,163,163,164,149,151,159,Blank
361,90.00166667,324006,30.2,162,163,156,142,150,157,Blank,165,164,163,148,152,160,Blank
362,90.25166667,324906,30.2,162,163,158,143,149,158,Blank,167,163,165,150,152,158,Blank
363,90.50166667,325806,30.1,161,162,157,144,148,155,Blank,162,163,163,150,150,160,Blank
364,90.75169444,326706.1,30.1,161,162,158,144,149,155,Blank,165,162,163,150,150,158,Blank
365,91.00169444,327606.1,30.1,164,162,158,143,150,158,Blank,165,165,164,151,150,159,Blank
366,91.25169444,328506.1,30.2,161,162,161,145,150,155,Blank,164,162,164,151,151,158,Blank
367,91.50169444,329406.1,30.1,161,161,160,145,148,156,Blank,164,162,165,153,150,158,Blank
368,91.75169444,330306.1,30.1,161,161,159,146,150,154,Blank,163,162,165,153,149,157,Blank
369,92.00169444,331206.1,30.2,160,161,160,145,149,155,Blank,161,162,163,152,148,156,Blank
370,92.25172222,332106.2,30,162,162,160,148,149,155,Blank,162,162,164,152,150,157,Blank
371,92.50172222,333006.2,29.9,160,163,159,148,147,153,Blank,163,161,164,152,149,157,Blank
372,92.75172222,333906.2,30,159,160,159,146,146,153,Blank,162,160,164,150,149,155,Blank
373,93.00172222,334806.2,30.2,159,159,158,146,145,153,Blank,158,161,163,151,148,155,Blank
374,93.25172222,335706.2,30.1,160,157,158,146,145,151,Blank,157,160,160,152,147,153,Blank
375,93.50172222,336606.2,29.9,157,156,157,147,145,149,Blank,157,158,161,154,149,153,Blank
376,93.75175,337506.3,30.1,158,158,156,148,145,151,Blank,156,158,161,154,146,152,Blank
377,94.00175,338406.3,30.1,157,157,158,148,145,150,Blank,157,158,159,151,146,151,Blank
378,94.25175,339306.3,30.2,156,158,156,146,145,148,Blank,157,158,162,154,146,150,Blank
379,94.50175,340206.3,30.1,158,158,157,148,142,147,Blank,157,159,160,154,147,152,Blank
380,94.75175,341106.3,30.1,157,157,157,147,144,150,Blank,156,158,160,153,148,149,Blank
381,95.00175,342006.3,30.1,155,156,157,151,145,149,Blank,155,157,161,155,148,152,Blank
382,95.25175,342906.3,30.1,156,156,156,149,145,146,Blank,153,156,158,157,146,148,Blank
383,95.50175,343806.3,30,154,156,158,150,146,150,Blank,155,157,160,154,148,151,Blank
384,95.75175,344706.3,30.2,154,155,157,151,145,147,Blank,152,157,157,155,145,150,Blank
385,96.00177778,345606.4,30.2,153,155,155,151,146,146,Blank,154,154,157,155,148,149,Blank
386,96.25177778,346506.4,30.3,155,155,155,150,144,146,Blank,154,153,158,156,146,148,Blank
387,96.50177778,347406.4,30.1,154,155,154,152,144,146,Blank,153,154,157,156,148,147,Blank
388,96.75177778,348306.4,30.2,156,154,155,152,146,148,Blank,154,154,157,159,148,150,Blank
389,97.00177778,349206.4,30,153,155,155,153,146,146,Blank,154,154,158,157,148,150,Blank
390,97.25177778,350106.4,30.1,155,154,154,152,147,147,Blank,153,152,155,157,147,151,Blank
391,97.50180556,351006.5,30,154,155,153,153,147,146,Blank,154,154,155,159,149,151,Blank
392,97.75180556,351906.5,30,155,155,155,154,146,145,Blank,153,155,157,159,149,149,Blank
393,98.00180556,352806.5,30.1,155,154,154,155,148,147,Blank,152,154,157,160,150,149,Blank
394,98.25180556,353706.5,29.9,155,155,154,155,149,144,Blank,153,154,155,161,149,150,Blank
395,98.50180556,354606.5,30.1,156,153,154,155,148,145,Blank,154,155,155,161,151,151,Blank
396,98.75180556,355506.5,29.9,156,156,153,156,149,147,Blank,154,154,156,161,154,152,Blank
397,99.00183333,356406.6,30.1,157,155,156,157,149,148,Blank,154,154,155,163,152,152,Blank
398,99.25183333,357306.6,30.1,154,156,154,157,153,146,Blank,157,153,158,163,152,149,Blank
399,99.50183333,358206.6,30,157,154,154,157,152,149,Blank,155,153,156,162,154,150,Blank
400,99.75183333,359106.6,30.1,154,155,154,157,152,149,Blank,155,153,155,164,154,151,Blank
401,100.0018333,360006.6,30,155,153,152,158,150,149,Blank,154,153,155,162,156,150,Blank
402,100.2518333,360906.6,30.2,155,155,153,160,155,149,Blank,154,154,155,163,157,150,Blank
403,100.5018611,361806.7,30.2,156,156,152,158,154,148,Blank,155,154,154,163,155,152,Blank
404,100.7518611,362706.7,30.1,156,154,153,158,155,150,Blank,157,155,156,163,158,153,Blank
405,101.0018611,363606.7,30.1,156,154,149,157,154,150,Blank,154,151,153,163,157,151,Blank
406,101.2518611,364506.7,30.1,154,153,149,156,153,146,Blank,152,152,152,162,155,152,Blank
407,101.5018611,365406.7,30.2,154,150,149,155,153,147,Blank,154,151,152,161,155,149,Blank
408,101.7518889,366306.8,30.2,154,151,149,157,155,147,Blank,154,153,149,161,156,151,Blank
409,102.0018889,367206.8,30.1,153,150,147,154,155,148,Blank,156,151,153,161,156,153,Blank
410,102.2518889,368106.8,30.2,154,151,148,156,155,147,Blank,154,152,152,161,157,150,Blank
411,102.5018889,369006.8,30.2,154,153,146,155,154,147,Blank,156,150,152,161,159,150,Blank
412,102.7518889,369906.8,30,154,150,147,156,155,149,Blank,156,152,150,160,158,152,Blank
413,103.0018889,370806.8,30.2,154,151,148,154,153,147,Blank,156,152,151,160,158,150,Blank
414,103.2518889,371706.8,30.2,153,152,147,155,154,149,Blank,154,151,149,160,157,152,Blank
415,103.5018889,372606.8,30.2,156,153,146,153,157,150,Blank,156,152,151,159,158,152,Blank
416,103.7519167,373506.9,30.2,154,153,146,153,156,152,Blank,156,152,151,159,158,153,Blank
417,104.0019167,374406.9,30.2,153,153,146,154,157,150,Blank,156,151,151,159,160,153,Blank
418,104.2519167,375306.9,30.1,153,151,147,153,158,151,Blank,157,151,150,160,160,153,Blank
419,104.5019167,376206.9,30.1,156,152,147,151,158,150,Blank,155,154,152,160,160,155,Blank
420,104.7519167,377106.9,30.2,155,151,146,151,157,153,Blank,156,152,150,157,159,155,Blank
421,105.0019444,378007,30,154,152,148,150,159,153,Blank,158,151,150,158,158,155,Blank
422,105.2519444,378907,30.2,155,150,147,151,158,150,Blank,156,152,150,158,158,154,Blank
423,105.5019444,379807,30.1,155,154,147,149,159,151,Blank,158,154,152,158,161,154,Blank
424,105.7519444,380707,30,157,153,145,149,158,150,Blank,158,155,152,158,161,157,Blank
425,106.0019444,381607,30.2,156,153,145,149,160,154,Blank,157,155,152,157,159,156,Blank
426,106.2519444,382507,30,155,157,148,150,158,153,Blank,159,156,152,157,162,160,Blank
427,106.5019444,383407,30.2,158,154,148,148,158,153,Blank,159,156,154,158,162,159,Blank
428,106.7519722,384307.1,30.3,158,157,149,149,159,156,Blank,160,156,152,157,161,160,Blank
429,107.0019722,385207.1,30.1,158,155,149,149,161,156,Blank,161,157,153,155,162,162,Blank
430,107.2519722,386107.1,30.1,160,157,148,151,160,156,Blank,163,159,155,157,162,161,Blank
431,107.5019722,387007.1,29.9,160,156,149,150,160,157,Blank,161,157,155,158,162,160,Blank
432,107.7519722,387907.1,30,159,158,148,148,161,158,Blank,162,158,157,158,160,162,Blank
433,108.002,388807.2,30,160,158,150,148,161,155,Blank,162,158,156,154,160,162,Blank
434,108.252,389707.2,30.2,160,158,151,147,159,158,Blank,162,159,157,156,160,161,Blank
435,108.502,390607.2,30,160,158,149,146,158,157,Blank,164,160,156,157,163,163,Blank
436,108.752,391507.2,30.2,161,158,149,148,159,157,Blank,164,162,156,154,161,162,Blank
437,109.002,392407.2,30.2,160,158,150,148,159,159,Blank,165,162,159,155,161,163,Blank
438,109.252,393307.2,30.2,159,158,150,146,158,159,Blank,163,160,158,154,159,162,Blank
439,109.5020278,394207.3,30.1,159,157,150,144,157,156,Blank,161,159,155,152,158,161,Blank
440,109.7520278,395107.3,30.2,158,158,149,144,155,158,Blank,162,160,156,153,159,160,Blank
441,110.0020278,396007.3,30.2,159,157,150,142,157,157,Blank,163,158,155,151,159,161,Blank
442,110.2520278,396907.3,30,159,157,152,143,156,157,Blank,163,160,157,150,158,161,Blank
443,110.5020556,397807.4,30.1,160,159,150,143,154,158,Blank,163,160,158,149,154,160,Blank
444,110.7520278,398707.3,30.1,159,157,149,143,153,156,Blank,164,160,155,149,157,161,Blank
445,111.0020556,399607.4,30,159,157,152,143,153,158,Blank,163,159,158,151,155,161,Blank
446,111.2520556,400507.4,30.2,159,158,152,142,154,159,Blank,163,160,158,154,156,160,Blank
447,111.5020556,401407.4,30,159,159,156,143,155,157,Blank,164,161,158,149,155,161,Blank
448,111.7520556,402307.4,29.9,161,160,153,143,154,158,Blank,162,162,158,148,156,160,Blank
449,112.0020556,403207.4,29.9,159,159,152,143,152,157,Blank,165,162,159,149,154,161,Blank
450,112.2520556,404107.4,29.9,158,158,153,143,152,156,Blank,162,162,159,149,153,160,Blank
451,112.5020833,405007.5,30,159,159,153,142,150,158,Blank,164,162,159,147,154,160,Blank
452,112.7520833,405907.5,29.9,160,159,154,142,152,158,Blank,165,162,159,150,153,161,Blank
453,113.0020833,406807.5,30.2,160,158,155,144,150,156,Blank,163,161,160,149,153,159,Blank
454,113.2520833,407707.5,30.2,162,158,154,144,150,156,Blank,159,161,159,148,152,158,Blank
455,113.5020833,408607.5,30,160,160,153,141,148,157,Blank,161,161,158,149,153,158,Blank
456,113.7520833,409507.5,30.1,160,159,152,142,148,155,Blank,162,162,160,150,151,159,Blank
457,114.0021111,410407.6,30.2,161,159,155,142,151,155,Blank,161,161,162,150,150,157,Blank
458,114.2521111,411307.6,30.3,161,160,155,143,148,155,Blank,161,162,161,150,151,160,Blank
459,114.5021111,412207.6,30.2,160,160,159,143,149,155,Blank,162,161,160,150,151,157,Blank
460,114.7521111,413107.6,30.3,162,161,158,146,150,156,Blank,163,162,162,152,152,158,Blank
461,115.0021111,414007.6,30.3,163,161,158,145,151,157,Blank,163,163,162,150,151,159,Blank
462,115.2521111,414907.6,30.2,162,162,159,147,149,158,Blank,164,164,162,151,151,158,Blank
463,115.5021389,415807.7,30.2,162,163,159,149,150,158,Blank,163,163,163,150,152,160,Blank
464,115.7521389,416707.7,29.9,163,163,160,149,149,157,Blank,164,165,165,153,152,159,Blank
465,116.0021389,417607.7,30,164,163,159,149,149,155,Blank,163,164,165,153,150,157,Blank
466,116.2521389,418507.7,30,162,161,160,149,147,156,Blank,162,162,164,153,151,159,Blank
467,116.5021389,419407.7,30.2,163,162,160,148,148,155,Blank,161,162,164,153,151,157,Blank
468,116.7521389,420307.7,29.9,162,162,159,149,148,155,Blank,164,163,163,153,151,156,Blank
469,117.0021667,421207.8,30.1,163,162,161,151,149,155,Blank,162,163,164,154,148,156,Blank
470,117.2521667,422107.8,30.1,163,162,160,150,150,154,Blank,163,163,162,154,149,157,Blank
471,117.5021667,423007.8,30.3,163,162,159,151,148,156,Blank,165,162,162,157,150,155,Blank
472,117.7521667,423907.8,30.2,161,161,159,150,147,155,Blank,164,162,164,153,149,155,Blank
473,118.0021667,424807.8,30.1,157,159,157,149,145,150,Blank,158,160,161,152,148,151,Blank
474,118.2521667,425707.8,30.1,160,161,158,151,146,152,Blank,158,159,162,153,148,153,Blank
475,118.5021667,426607.8,30,159,159,157,150,147,149,Blank,157,158,160,153,151,150,Blank
476,118.7521667,427507.8,30.2,157,158,157,150,146,151,Blank,157,159,159,154,147,150,Blank
477,119.0021667,428407.8,30.3,159,157,157,150,146,149,Blank,158,157,158,153,147,151,Blank
478,119.2521944,429307.9,30.1,156,158,157,151,145,150,Blank,156,157,158,155,147,151,Blank
479,119.5021944,430207.9,30,159,159,157,150,146,149,Blank,156,159,160,155,148,150,Blank
480,119.7521944,431107.9,30,158,157,158,151,145,148,Blank,156,155,158,154,147,151,Blank
481,120.0021944,432007.9,30,158,157,157,153,146,151,Blank,157,157,160,156,148,148,Blank
482,120.2522222,432908,30.2,157,156,156,153,146,148,Blank,157,156,159,156,148,150,Blank
483,120.5021944,433807.9,30.1,155,158,157,154,147,148,Blank,158,157,160,156,149,148,Blank
484,120.7522222,434708,30.1,157,157,156,153,147,147,Blank,154,157,158,155,150,148,Blank
485,121.0022222,435608,30.2,157,156,157,153,147,148,Blank,154,154,157,157,149,148,Blank
486,121.2522222,436508,30.2,158,156,155,154,145,146,Blank,154,156,158,157,151,149,Blank
487,121.5022222,437408,30,158,156,155,154,145,147,Blank,155,156,157,156,149,149,Blank
488,121.7522222,438308,30,156,158,154,154,146,148,Blank,155,154,156,158,151,149,Blank
489,122.0022222,439208,30,157,157,155,155,148,147,Blank,155,156,156,159,149,150,Blank
490,122.25225,440108.1,30,157,155,155,154,148,149,Blank,154,155,156,158,150,148,Blank
491,122.50225,441008.1,30.1,155,156,151,153,146,146,Blank,156,155,156,158,150,147,Blank
492,122.75225,441908.1,30,155,155,154,156,149,147,Blank,155,152,155,159,151,149,Blank
493,123.00225,442808.1,30.3,154,155,152,154,149,144,Blank,152,152,153,159,151,147,Blank
494,123.25225,443708.1,30.1,154,154,153,156,151,148,Blank,155,154,153,159,150,149,Blank
495,123.5022778,444608.2,30.3,155,151,153,156,148,148,Blank,151,154,155,158,152,148,Blank
496,123.7522778,445508.2,30.1,155,152,152,153,150,147,Blank,154,153,154,160,150,149,Blank
497,124.0022778,446408.2,30.2,156,153,151,156,151,148,Blank,155,153,154,160,152,149,Blank
498,124.2522778,447308.2,30,155,155,152,153,151,145,Blank,154,151,152,158,152,147,Blank
499,124.5022778,448208.2,30,156,152,152,154,152,146,Blank,153,154,151,159,153,149,Blank
500,124.7522778,449108.2,30,156,153,151,155,152,146,Blank,154,151,154,161,154,151,Blank
501,125.0023056,450008.3,30.2,157,156,152,157,152,148,Blank,153,153,153,159,158,150,Blank
502,125.2523056,450908.3,29.9,156,154,151,154,154,148,Blank,155,152,154,159,157,150,Blank
